ID,participant,x1_JJJ,x2_nchar,freq,
1,CCH02,0,148,0,
2,CCH03,0,236,0,
3,CCH06,0,144,1,
4,CCH07,0,177,1,
5,CCH08,0,212,2,
6,CCH09,0,192,1,
7,CCH10,0,202,0,
8,CCH11,0,172,1,
9,CCH12,0,176,2,
10,CCH13,0,138,0,
11,CCH15,0,186,0,
12,CCH16,0,262,0,
13,CCH17,0,130,0,
14,CCH18,0,240,1,
15,CCH19,0,241,0,
16,CCH20,0,184,0,
17,CCH21,0,181,0,
18,CCH22,0,123,1,
19,CCH23,0,164,1,
20,CCH24,0,132,0,
21,CCH25,0,114,0,
22,CCH26,0,153,0,
23,CCH27,0,141,0,
24,CCH28,0,139,0,
25,CCH29,0,244,0,
26,CCH30,0,151,1,
27,CCH31,0,245,1,
28,CCH32,0,188,0,
29,CCH33,0,209,1,
30,CCH34,0,195,0,
31,CCH35,0,209,0,
32,CCH36,0,131,0,
33,CCH37,0,137,0,
34,CCH38,0,182,2,
35,CCH39,0,248,2,
36,CCH40,0,134,0,
37,CCH42,0,257,1,
38,CCH43,0,241,1,
39,CCH45,0,237,2,
40,CCH46,0,191,0,
41,CCH48,0,173,1,
42,CCH49,0,94,0,
43,CCH50,0,199,0,
44,CCH51,0,207,1,
45,CCH52,0,205,0,
46,CCH54,0,230,1,
47,CCH55,0,223,1,
48,CCH56,0,249,0,
49,CCH59,0,183,0,
50,CCH63,0,192,0,
51,CCM01,0,123,0,
52,CCM02,0,153,0,
53,CCM03,0,171,1,
54,CCM04,0,175,0,
55,CCM05,0,275,0,
56,CCM06,0,160,0,
57,CCM07,0,210,1,
58,CCM08,0,134,0,
59,CCM10,0,214,1,
60,CCM11,0,157,2,
61,CCM12,0,152,0,
62,CCM13,0,115,0,
63,CCM14,0,135,0,
64,CCM15,0,194,2,
65,CCM16,0,135,0,
66,CCM17,0,107,0,
67,CCM18,0,187,0,
68,CCM19,0,130,0,
69,CCM20,0,122,1,
70,CCM22,0,222,0,
71,CCM23,0,184,0,
72,CCM24,0,204,0,
73,CCM25,0,181,0,
74,CCM27,0,238,0,
75,CCM28,0,221,0,
76,CCM29,0,162,0,
77,CCM30,0,207,1,
78,CCM31,0,120,0,
79,CCM32,0,163,0,
80,CCM33,0,106,0,
81,CCM34,0,187,0,
82,CCM35,0,317,0,
83,CCM36,0,157,0,
84,CCM37,0,207,0,
85,CCM39,0,117,0,
86,CCM40,0,159,0,
87,CCM41,0,198,0,
88,CCM42,0,133,2,
89,CCM43,0,196,1,
90,CCM44,0,139,0,
91,CCM45,0,164,0,
92,CCM46,0,166,0,
93,CCM47,0,146,0,
94,CCM48,0,178,0,
95,CCM49,0,168,1,
96,CCM50,0,128,1,
97,CCM51,0,123,0,
98,CCM52,0,122,0,
99,CCM53,0,166,0,
100,CCM54,0,198,1,
101,CCS01,0,272,1,
102,CCS02,0,182,0,
103,CCS03,0,214,1,
104,CCS04,0,231,0,
105,CCS07,0,159,0,
106,CCS08,0,582,3,
107,CCS09,0,201,1,
108,CCS10,0,395,1,
109,CCS12,0,190,1,
110,CCS13,0,200,1,
111,CCS14,0,133,2,
112,CCS16,0,208,0,
113,CCS17,0,147,1,
114,CCS18,0,149,1,
115,CCS20,0,182,0,
116,CCS21,0,234,1,
117,CCS23,0,210,1,
118,CCS24,0,140,0,
119,CCS25,0,248,0,
120,CCS26,0,206,1,
121,CCS29,0,269,0,
122,CCS30,0,186,0,
123,CCS31,0,153,1,
124,CCS32,0,132,0,
125,CCS33,0,173,1,
126,CCS35,0,161,1,
127,CCS36,0,200,3,
128,CCS37,0,123,1,
129,CCS38,0,199,2,
130,CCS39,0,241,1,
131,CCS40,0,189,1,
132,CCS41,0,169,0,
133,CCS42,0,161,1,
134,CCS43,0,136,0,
135,CCS44,0,216,1,
136,CCS45,0,422,1,
137,CCS46,0,197,1,
138,CCS47,0,156,0,
139,CCS48,0,163,1,
140,CCS49,0,202,0,
141,CCS50,0,189,1,
142,CCS51,0,159,0,
143,CCS52,0,198,2,
144,CCS53,0,255,2,
145,CCS54,0,191,0,
146,CCS55,0,340,0,
147,CCS56,0,288,1,
148,CCS57,0,219,1,
149,CCS58,0,164,0,
150,CCS60,0,337,1,
151,CCT02,0,149,0,
152,CCT04,0,293,0,
153,CCT05,0,136,1,
154,CCT07,0,92,1,
155,CCT08,0,178,2,
156,CCT10,0,119,0,
157,CCT11,0,185,2,
158,CCT13,0,392,2,
159,CCT14,0,199,0,
160,CCT15,0,298,1,
161,CCT16,0,186,0,
162,CCT17,0,210,1,
163,CCT18,0,180,1,
164,CCT19,0,386,1,
165,CCT20,0,170,0,
166,CCT22,0,203,0,
167,CCT23,0,192,0,
168,CCT24,0,158,0,
169,CCT25,0,231,0,
170,CCT26,0,212,2,
171,CCT27,0,289,2,
172,CCT28,0,241,0,
173,CCT29,0,241,1,
174,CCT31,0,211,1,
175,CCT33,0,185,1,
176,CCT34,0,320,1,
177,CCT35,0,158,2,
178,CCT37,0,224,1,
179,CCT38,0,244,2,
180,CCT39,0,266,1,
181,CCT40,0,184,1,
182,CCT41,0,239,2,
183,CCT43,0,165,0,
184,CCT44,0,223,1,
185,CCT45,0,183,1,
186,CCT46,0,188,0,
187,CCT48,0,290,0,
188,CCT49,0,85,0,
189,CCT50,0,117,2,
190,CCT51,0,176,1,
191,CCT52,0,167,1,
192,CCT53,0,286,0,
193,CCT54,0,122,2,
194,CCT55,0,159,0,
195,CCT56,0,170,0,
196,CCT57,0,194,1,
197,CCT58,0,94,0,
198,CCT59,0,240,0,
199,CCT60,0,195,1,
200,CCT61,0,128,0,
201,EAU03,0,82,1,
202,EAU05,0,158,2,
203,EAU07,0,129,0,
204,EAU08,0,106,1,
205,EAU09,0,123,0,
206,EAU11,0,181,0,
207,EAU14,0,254,0,
208,EAU15,0,173,1,
209,EAU16,0,191,0,
210,EAU18,0,277,1,
211,EAU20,0,252,0,
212,EAU23,0,235,2,
213,EAU24,0,253,1,
214,EAU28,0,127,0,
215,EAU29,0,111,0,
216,EAU30,0,135,1,
217,EAU31,0,152,1,
218,EAU32,0,170,1,
219,EAU34,0,112,1,
220,EAU36,0,188,2,
221,EAU37,0,118,2,
222,EAU38,0,140,1,
223,EAU40,0,267,0,
224,EGB01,0,116,1,
225,EGB03,0,369,1,
226,EGB04,0,51,0,
227,EGB05,0,154,0,
228,EGB07,0,97,0,
229,EGB08,0,165,1,
230,EGB10,0,106,1,
231,EGB11,0,161,1,
232,EGB13,0,138,0,
233,EGB15,0,185,0,
234,EGB17,0,237,1,
235,EGB19,0,196,1,
236,EGB21,0,175,1,
237,EGB22,0,182,0,
238,EGB23,0,173,0,
239,EGB26,0,214,2,
240,EGB28,0,216,1,
241,EGB29,0,92,1,
242,EGB30,0,135,1,
243,ENZ02,0,162,1,
244,ENZ08,0,167,1,
245,ENZ12,0,91,1,
246,ENZ13,0,118,0,
247,ENZ14,0,108,0,
248,ENZ18,0,159,1,
249,ENZ20,0,252,2,
250,ENZ23,0,115,1,
251,ENZ27,0,181,1,
252,ENZ29,0,239,1,
253,ENZ30,0,285,0,
254,ENZ31,0,212,1,
255,ENZ32,0,150,1,
256,ENZ33,0,140,1,
257,ENZ35,0,144,1,
258,ENZ38,0,261,2,
259,ENZ39,0,131,0,
260,ENZ41,0,179,1,
261,ENZ43,0,107,0,
262,ENZ48,0,199,0,
263,EUS01,0,166,3,
264,EUS02,0,302,1,
265,EUS03,0,264,0,
266,EUS05,0,144,0,
267,EUS08,0,79,0,
268,EUS11,0,210,0,
269,EUS12,0,94,1,
270,EUS13,0,107,0,
271,EUS14,0,170,1,
272,EUS15,0,91,0,
273,EUS17,0,129,1,
274,EUS18,0,155,0,
275,EUS20,0,115,0,
276,EUS21,0,111,0,
277,EUS23,0,99,0,
278,EUS24,0,106,0,
279,EUS25,0,68,0,
280,EUS26,0,66,1,
281,EUS27,0,70,0,
282,EUS29,0,169,1,
283,EUS30,0,109,0,
284,EUS31,0,198,1,
285,EUS32,0,242,1,
286,EUS33,0,288,2,
287,EUS35,0,140,1,
288,EUS36,0,74,0,
289,EUS38,0,150,0,
290,EUS39,0,106,0,
291,EUS40,0,77,0,
292,EUS42,0,165,0,
293,EUS43,0,80,0,
294,EUS46,0,134,0,
295,EUS47,0,107,0,
296,EUS49,0,81,0,
297,EUS50,0,187,0,
298,EUS53,0,83,0,
299,EUS54,0,109,0,
300,EUS55,0,90,0,
301,FFR01,0,149,1,
302,FFR02,0,144,0,
303,FFR03,0,174,0,
304,FFR04,0,134,0,
305,FFR06,0,132,0,
306,FFR07,0,189,1,
307,FFR08,0,109,1,
308,FFR10,0,171,1,
309,FFR11,0,100,0,
310,FFR13,0,73,0,
311,FFR15,0,106,1,
312,FFR17,0,222,0,
313,FFR18,0,133,0,
314,FFR19,0,226,1,
315,FFR20,0,139,0,
316,FFR22,0,83,0,
317,FFR23,0,106,0,
318,FFR24,0,192,1,
319,FFR25,0,155,0,
320,FFR26,0,150,0,
321,FFR27,0,129,1,
322,FFR30,0,161,0,
323,FFR31,0,188,0,
324,FFR32,0,106,0,
325,FFR33,0,137,0,
326,FFR35,0,147,0,
327,FFR36,0,142,0,
328,FFR37,0,116,0,
329,FFR38,0,128,1,
330,FFR39,0,178,0,
331,FFR40,0,157,1,
332,FFR42,0,89,0,
333,FFR44,0,118,0,
334,FFR45,0,109,0,
335,FFR46,0,116,3,
336,FFR47,0,130,1,
337,FFR49,0,218,0,
338,FFR50,0,135,0,
339,FFR51,0,99,0,
340,FFR53,0,144,0,
341,FFR54,0,113,0,
342,FFR55,0,205,0,
343,FFR56,0,125,0,
344,FFR57,0,161,0,
345,FFR59,0,133,0,
346,FFR60,0,115,2,
347,FFR61,0,278,1,
348,FFR62,0,257,0,
349,FFR63,0,124,0,
350,FFR64,0,113,0,
351,GAT01,0,204,1,
352,GAT02,0,224,1,
353,GAT03,0,186,1,
354,GAT04,0,140,1,
355,GAT05,0,185,0,
356,GAT06,0,191,1,
357,GAT07,0,118,0,
358,GAT08,0,150,0,
359,GAT09,0,147,1,
360,GAT10,0,138,0,
361,GAT11,0,248,1,
362,GAT12,0,200,1,
363,GAT14,0,218,1,
364,GAT16,0,291,1,
365,GAT17,0,113,0,
366,GAT19,0,152,1,
367,GAT20,0,109,0,
368,GAT21,0,153,0,
369,GAT22,0,88,1,
370,GAT23,0,206,1,
371,GAT24,0,229,2,
372,GAT25,0,185,0,
373,GAT27,0,138,0,
374,GAT28,0,193,0,
375,GAT29,0,151,1,
376,GAT30,0,160,1,
377,GAT31,0,152,0,
378,GAT33,0,213,0,
379,GAT34,0,175,0,
380,GAT36,0,121,0,
381,GAT37,0,232,0,
382,GAT38,0,128,0,
383,GAT39,0,95,2,
384,GAT40,0,180,2,
385,GAT41,0,126,1,
386,GAT42,0,186,0,
387,GAT43,0,148,1,
388,GAT45,0,146,1,
389,GAT46,0,123,1,
390,GDE01,0,310,1,
391,GDE02,0,198,0,
392,GDE04,0,319,1,
393,GDE06,0,160,1,
394,GDE09,0,147,0,
395,GDE10,0,202,0,
396,GDE12,0,118,0,
397,GDE13,0,237,1,
398,GDE14,0,156,0,
399,GDE15,0,358,2,
400,GDE16,0,108,1,
401,HHG02,0,298,1,
402,HHG03,0,263,1,
403,HHG04,0,170,0,
404,HHG05,0,208,2,
405,HHG06,0,241,2,
406,HHG07,0,205,1,
407,HHG08,0,230,0,
408,HHG09,0,308,0,
409,HHG10,0,221,0,
410,HHG11,0,151,1,
411,HHG12,0,197,0,
412,HHG13,0,154,1,
413,HHG16,0,283,0,
414,HHG18,0,224,2,
415,HHG19,0,157,1,
416,HHG20,0,190,1,
417,HHG21,0,381,1,
418,HHG23,0,220,0,
419,HHG25,0,162,0,
420,HHG26,0,255,1,
421,HHG27,0,144,0,
422,HHG28,0,193,1,
423,HHG29,0,266,2,
424,HHG30,0,112,1,
425,HHG31,0,164,1,
426,HHG32,0,144,0,
427,HHG33,0,158,1,
428,HHG35,0,258,2,
429,HHG36,0,271,0,
430,HHG37,0,268,0,
431,HHG39,0,221,2,
432,HHG40,0,150,0,
433,HHG44,0,167,0,
434,HHG45,0,235,1,
435,HHG46,0,180,0,
436,HHG47,0,240,1,
437,HHG48,0,174,0,
438,HHG49,0,172,1,
439,HHG50,0,145,0,
440,HHG51,0,155,2,
441,HHG52,0,225,1,
442,HHG53,0,115,1,
443,HHG54,0,130,0,
444,HHG55,0,195,1,
445,HHG56,0,244,1,
446,HHG57,0,187,0,
447,HHG58,0,149,1,
448,HHG59,0,154,0,
449,HHG60,0,162,1,
450,HHG61,0,115,0,
451,IID01,0,225,3,
452,IID02,0,175,0,
453,IID03,0,180,1,
454,IID06,0,172,0,
455,IID07,0,148,1,
456,IID08,0,370,2,
457,IID09,0,149,1,
458,IID10,0,126,1,
459,IID11,0,191,1,
460,IID12,0,202,0,
461,IID13,0,185,2,
462,IID14,0,148,0,
463,IID15,0,207,2,
464,IID16,0,191,2,
465,IID17,0,257,0,
466,IID18,0,218,3,
467,IID19,0,181,1,
468,IID20,0,231,0,
469,IID22,0,214,2,
470,IID23,0,142,1,
471,IID24,0,211,0,
472,IID25,0,134,1,
473,IID26,0,128,1,
474,IID27,0,166,1,
475,IID28,0,112,1,
476,IID29,0,207,2,
477,IID31,0,253,0,
478,IID32,0,115,1,
479,IID33,0,112,1,
480,IID34,0,277,1,
481,IID35,0,203,1,
482,IID36,0,137,0,
483,IID38,0,142,2,
484,IID39,0,163,1,
485,IID40,0,181,1,
486,IID41,0,213,0,
487,IID42,0,230,0,
488,IID43,0,168,0,
489,IID44,0,179,0,
490,IID45,0,110,2,
491,IID46,0,203,2,
492,IID47,0,240,0,
493,IID48,0,172,1,
494,IID49,0,128,2,
495,IID50,0,148,1,
496,IID51,0,115,0,
497,IID52,0,143,2,
498,IID54,0,115,0,
499,IID55,0,83,0,
500,IID56,0,172,2,
501,JJC01,0,178,0,
502,JJC02,0,191,0,
503,JJC03,0,143,0,
504,JJC04,0,100,0,
505,JJC05,0,136,0,
506,JJC06,0,172,1,
507,JJC07,0,82,0,
508,JJC08,0,158,1,
509,JJC09,0,186,2,
510,JJC10,0,146,1,
511,JJC11,0,130,0,
512,JJC12,0,118,1,
513,JJC13,0,59,1,
514,JJC14,0,134,0,
515,JJC15,0,156,0,
516,JJC16,0,141,0,
517,JJC18,0,135,0,
518,JJC19,0,221,0,
519,JJC20,0,202,1,
520,JJC21,0,175,0,
521,JJC22,0,214,0,
522,JJC23,0,116,0,
523,JJC27,0,151,1,
524,JJC28,0,140,1,
525,JJC29,0,166,2,
526,JJC31,0,179,0,
527,JJC32,0,133,0,
528,JJC33,0,233,2,
529,JJC34,0,201,0,
530,JJC35,0,202,0,
531,JJC36,0,165,0,
532,JJC37,0,188,0,
533,JJC38,0,94,0,
534,JJC39,0,287,0,
535,JJC40,0,126,0,
536,JJC43,0,343,2,
537,JJC45,0,253,0,
538,JJC46,0,306,0,
539,JJC47,0,214,0,
540,JJC48,0,193,1,
541,JJC50,0,144,0,
542,JJC51,0,200,1,
543,JJC52,0,201,0,
544,JJC55,0,246,4,
545,JJC56,0,124,2,
546,JJC57,0,198,1,
547,JJC59,0,230,1,
548,JJC61,0,162,1,
549,JJC62,0,149,2,
550,JJE01,0,72,0,
551,JJE03,0,149,1,
552,JJE04,0,90,0,
553,JJE05,0,101,0,
554,JJE07,0,118,0,
555,JJE09,0,135,0,
556,JJE11,0,163,0,
557,JJE12,0,121,0,
558,JJE13,0,86,0,
559,JJE15,0,140,1,
560,JJE16,0,125,0,
561,JJE18,0,139,0,
562,JJE20,0,148,2,
563,JJE21,0,187,2,
564,JJE22,0,129,0,
565,JJE23,0,177,0,
566,JJE26,0,130,0,
567,JJE27,0,180,1,
568,JJE28,0,235,0,
569,JJE31,0,165,2,
570,JJE32,0,155,0,
571,JJE33,0,208,1,
572,JJE34,0,122,0,
573,JJE36,0,143,0,
574,JJE37,0,139,2,
575,JJE38,0,208,0,
576,JJE39,0,139,0,
577,JJE40,0,92,0,
578,JJE41,0,146,2,
579,JJE45,0,147,0,
580,JJE46,0,74,0,
581,JJE47,0,109,0,
582,JJE50,0,100,0,
583,JJE53,0,136,1,
584,JJE55,0,112,0,
585,JJE56,0,130,0,
586,JJE57,0,91,0,
587,JJE58,0,166,0,
588,JJE60,0,139,0,
589,JJE61,0,153,0,
590,JJE62,0,150,0,
591,JJE63,0,90,0,
592,JJE64,0,91,0,
593,JJE65,0,125,1,
594,JJE66,0,138,1,
595,JJE67,0,147,0,
596,JJE68,0,128,0,
597,JJE69,0,150,0,
598,JJE70,0,304,1,
599,JJE71,0,121,0,
600,JJE72,0,93,0,
601,JJJ01,1,143,2,
602,JJJ02,1,135,2,
603,JJJ03,1,180,1,
604,JJJ04,1,190,1,
605,JJJ05,1,298,1,
606,JJJ06,1,214,1,
607,JJJ07,1,170,2,
608,JJJ08,1,220,0,
609,JJJ09,1,172,0,
610,JJJ10,1,253,0,
611,JJJ11,1,129,2,
612,JJJ12,1,159,0,
613,JJJ13,1,178,2,
614,JJJ14,1,150,1,
615,JJJ15,1,183,1,
616,JJJ16,1,232,1,
617,JJJ17,1,141,2,
618,JJJ18,1,167,1,
619,JJJ19,1,173,1,
620,JJJ20,1,202,2,
621,JJJ21,1,285,3,
622,JJJ23,1,202,0,
623,JJJ24,1,212,1,
624,JJJ25,1,190,0,
625,JJJ26,1,326,1,
626,JJJ27,1,192,2,
627,JJJ28,1,172,1,
628,JJJ29,1,177,1,
629,JJJ30,1,206,0,
630,JJJ31,1,175,1,
631,JJJ32,1,193,0,
632,JJJ33,1,230,1,
633,JJJ35,1,129,2,
634,JJJ36,1,134,2,
635,JJJ37,1,130,2,
636,JJJ39,1,201,0,
637,JJJ43,1,204,2,
638,JJJ44,1,160,1,
639,JJJ45,1,152,0,
640,JJJ46,1,191,2,
641,JJJ47,1,212,2,
642,JJJ48,1,80,1,
643,JJJ49,1,337,1,
644,JJJ50,1,274,1,
645,JJJ51,1,173,0,
646,JJJ52,1,180,1,
647,JJJ54,1,222,1,
648,JJJ55,1,132,0,
649,JJJ56,1,150,0,
650,JJJ57,1,194,1,
651,JJN01,0,231,2,
652,JJN03,0,89,0,
653,JJN04,0,217,0,
654,JJN05,0,182,0,
655,JJN06,0,92,0,
656,JJN07,0,183,0,
657,JJN08,0,86,0,
658,JJN09,0,522,0,
659,JJN10,0,90,0,
660,JJN11,0,149,0,
661,JJN12,0,324,0,
662,JJN13,0,185,0,
663,JJN14,0,172,0,
664,JJN15,0,307,0,
665,JJN16,0,312,3,
666,JJN17,0,176,2,
667,JJN18,0,95,0,
668,JJN19,0,78,0,
669,JJN20,0,355,1,
670,JJN21,0,175,0,
671,JJN23,0,80,0,
672,JJN24,0,342,0,
673,JJN25,0,296,0,
674,JJN26,0,156,1,
675,JJN27,0,224,0,
676,JJN29,0,166,1,
677,JJN30,0,131,0,
678,JJN31,0,197,0,
679,JJN32,0,247,0,
680,JJN33,0,124,0,
681,JJN34,0,213,0,
682,JJN36,0,211,0,
683,JJN39,0,160,0,
684,JJN40,0,129,0,
685,JJN42,0,220,2,
686,JJN43,0,178,1,
687,JJN44,0,123,0,
688,JJN46,0,121,0,
689,JJN47,0,265,0,
690,JJN48,0,88,0,
691,JJN49,0,155,0,
692,JJN50,0,74,0,
693,JJN51,0,302,2,
694,JJN52,0,62,0,
695,JJN53,0,135,0,
696,JJN55,0,68,0,
697,JJN56,0,178,0,
698,JJN58,0,146,0,
699,JJN59,0,270,0,
700,JJN63,0,113,0,
701,KKD01,0,143,1,
702,KKD02,0,217,2,
703,KKD04,0,157,0,
704,KKD05,0,205,0,
705,KKD06,0,175,1,
706,KKD07,0,222,1,
707,KKD08,0,152,2,
708,KKD09,0,213,1,
709,KKD10,0,155,0,
710,KKD11,0,203,0,
711,KKD12,0,151,0,
712,KKD14,0,110,0,
713,KKD15,0,216,1,
714,KKD16,0,177,2,
715,KKD17,0,109,0,
716,KKD18,0,155,0,
717,KKD19,0,191,1,
718,KKD20,0,168,1,
719,KKD21,0,220,1,
720,KKD23,0,369,0,
721,KKD24,0,259,2,
722,KKD25,0,120,1,
723,KKD26,0,132,1,
724,KKD27,0,315,0,
725,KKD28,0,169,1,
726,KKD29,0,124,0,
727,KKD30,0,161,1,
728,KKD33,0,255,1,
729,KKD34,0,210,1,
730,KKD35,0,142,1,
731,KKD37,0,148,1,
732,KKD38,0,204,1,
733,KKD40,0,177,0,
734,KKD41,0,112,0,
735,KKD43,0,120,0,
736,KKD45,0,124,0,
737,KKD46,0,201,1,
738,KKD47,0,149,0,
739,KKD48,0,207,1,
740,KKD49,0,123,0,
741,KKD50,0,139,0,
742,KKD52,0,102,0,
743,KKD53,0,153,2,
744,KKD54,0,173,0,
745,KKD55,0,111,1,
746,KKD57,0,97,1,
747,KKD59,0,138,1,
748,KKD60,0,95,0,
749,KKR01,0,122,1,
750,KKR03,0,258,1,
751,KKR04,0,134,2,
752,KKR05,0,153,1,
753,KKR06,0,174,1,
754,KKR07,0,159,0,
755,KKR08,0,454,1,
756,KKR09,0,120,1,
757,KKR10,0,235,2,
758,KKR11,0,224,2,
759,KKR12,0,189,1,
760,KKR13,0,187,1,
761,KKR14,0,197,1,
762,KKR15,0,177,0,
763,KKR16,0,172,0,
764,KKR17,0,292,0,
765,KKR19,0,160,2,
766,KKR20,0,209,2,
767,KKR21,0,302,1,
768,KKR22,0,157,1,
769,KKR23,0,169,0,
770,KKR24,0,250,2,
771,KKR25,0,221,2,
772,KKR26,0,216,0,
773,KKR28,0,255,0,
774,KKR29,0,222,1,
775,KKR30,0,170,1,
776,KKR31,0,261,0,
777,KKR33,0,180,1,
778,KKR34,0,107,0,
779,KKR35,0,128,0,
780,KKR36,0,174,2,
781,KKR37,0,449,0,
782,KKR38,0,249,2,
783,KKR39,0,174,0,
784,KKR40,0,172,1,
785,KKR41,0,341,0,
786,KKR43,0,125,0,
787,KKR44,0,243,0,
788,KKR45,0,280,0,
789,KKR46,0,192,1,
790,KKR47,0,203,0,
791,KKR49,0,269,1,
792,KKR50,0,160,2,
793,KKR51,0,195,2,
794,KKR52,0,317,1,
795,KKR53,0,331,0,
796,KKR54,0,255,3,
797,KKR55,0,180,1,
798,KKR56,0,197,1,
799,KKR57,0,121,0,
800,KKR58,0,218,1,
801,RRS01,0,165,0,
802,RRS02,0,277,0,
803,RRS03,0,126,0,
804,RRS04,0,231,0,
805,RRS05,0,108,0,
806,RRS06,0,167,0,
807,RRS10,0,166,0,
808,RRS11,0,258,1,
809,RRS12,0,151,0,
810,RRS13,0,147,0,
811,RRS14,0,182,1,
812,RRS15,0,121,0,
813,RRS16,0,113,0,
814,RRS18,0,295,0,
815,RRS19,0,139,1,
816,RRS20,0,164,0,
817,RRS21,0,167,0,
818,RRS22,0,151,0,
819,RRS23,0,129,1,
820,RRS24,0,179,0,
821,RRS25,0,292,1,
822,RRS26,0,198,1,
823,RRS27,0,158,0,
824,RRS28,0,184,1,
825,RRS29,0,176,0,
826,RRS30,0,222,0,
827,RRS32,0,214,0,
828,RRS33,0,245,0,
829,RRS34,0,175,1,
830,RRS35,0,387,1,
831,RRS36,0,192,0,
832,RRS38,0,163,0,
833,RRS39,0,134,1,
834,RRS40,0,254,1,
835,RRS41,0,251,1,
836,RRS42,0,148,1,
837,RRS43,0,193,0,
838,RRS44,0,190,1,
839,RRS45,0,175,0,
840,RRS46,0,193,1,
841,RRS47,0,124,0,
842,RRS48,0,206,0,
843,RRS49,0,158,0,
844,RRS53,0,165,1,
845,RRS55,0,185,1,
846,RRS56,0,284,0,
847,RRS57,0,280,0,
848,RRS58,0,295,0,
849,RRS59,0,153,0,
850,RRS60,0,413,1,
851,SES01,0,160,1,
852,SES02,0,164,2,
853,SES03,0,120,0,
854,SES04,0,149,0,
855,SES05,0,124,0,
856,SES06,0,136,1,
857,SES07,0,64,0,
858,SES08,0,152,0,
859,SES09,0,126,0,
860,SES11,0,120,1,
861,SES12,0,138,0,
862,SES14,0,112,1,
863,SES15,0,250,0,
864,SES16,0,221,2,
865,SES17,0,234,0,
866,SES18,0,115,1,
867,SES19,0,146,0,
868,SES20,0,161,0,
869,SES21,0,141,0,
870,SES22,0,145,0,
871,SES23,0,247,1,
872,SES24,0,128,1,
873,SES25,0,145,2,
874,SES26,0,200,0,
875,SES27,0,103,1,
876,SES28,0,164,1,
877,SES30,0,152,1,
878,SES32,0,181,1,
879,SES33,0,141,0,
880,SES34,0,128,0,
881,SES35,0,226,1,
882,SES36,0,144,1,
883,SES37,0,142,1,
884,SES38,0,192,1,
885,SES39,0,102,0,
886,SES40,0,104,0,
887,SES41,0,376,1,
888,SES42,0,124,0,
889,SES43,0,74,0,
890,SES45,0,221,0,
891,SES47,0,102,0,
892,SES48,0,113,0,
893,SES49,0,138,1,
894,SES50,0,219,1,
895,SES52,0,166,0,
896,SES53,0,93,1,
897,SES54,0,134,0,
898,SES55,0,147,0,
899,SES56,0,175,0,
900,SES58,0,156,0,
901,TTH01,0,161,1,
902,TTH03,0,184,1,
903,TTH04,0,112,0,
904,TTH05,0,156,3,
905,TTH07,0,217,1,
906,TTH08,0,146,1,
907,TTH09,0,121,1,
908,TTH10,0,148,1,
909,TTH11,0,286,1,
910,TTH12,0,155,0,
911,TTH13,0,175,0,
912,TTH14,0,184,1,
913,TTH15,0,188,1,
914,TTH16,0,143,0,
915,TTH18,0,155,2,
916,TTH19,0,141,1,
917,TTH20,0,117,1,
918,TTH21,0,175,2,
919,TTH22,0,122,2,
920,TTH23,0,152,1,
921,TTH24,0,186,1,
922,TTH25,0,252,0,
923,TTH26,0,193,1,
924,TTH27,0,181,1,
925,TTH28,0,110,2,
926,TTH29,0,138,1,
927,TTH30,0,161,1,
928,TTH31,0,149,1,
929,TTH32,0,112,1,
930,TTH33,0,168,3,
931,TTH34,0,173,2,
932,TTH35,0,109,0,
933,TTH36,0,152,1,
934,TTH37,0,139,1,
935,TTH38,0,119,1,
936,TTH39,0,140,1,
937,TTH40,0,132,0,
938,TTH41,0,217,2,
939,TTH42,0,256,1,
940,TTH43,0,185,1,
941,TTH44,0,218,0,
942,TTH45,0,169,0,
943,TTH46,0,161,2,
944,TTH47,0,118,0,
945,TTH48,0,134,0,
946,TTH49,0,121,3,
947,TTH50,0,118,0,
948,TTH51,0,149,2,
949,TTH52,0,196,1,
950,TTH53,0,219,1,
951,TTR02,0,188,0,
952,TTR03,0,214,0,
953,TTR04,0,181,0,
954,TTR05,0,134,0,
955,TTR06,0,240,0,
956,TTR08,0,78,0,
957,TTR10,0,185,0,
958,TTR11,0,207,0,
959,TTR12,0,160,0,
960,TTR13,0,148,0,
961,TTR14,0,245,0,
962,TTR15,0,105,0,
963,TTR16,0,126,0,
964,TTR17,0,118,0,
965,TTR18,0,246,0,
966,TTR19,0,115,0,
967,TTR20,0,103,0,
968,TTR23,0,157,0,
969,TTR24,0,233,1,
970,TTR25,0,123,0,
971,TTR26,0,253,0,
972,TTR27,0,86,0,
973,TTR28,0,199,0,
974,TTR29,0,96,0,
975,TTR33,0,152,1,
976,TTR34,0,247,0,
977,TTR35,0,225,1,
978,TTR36,0,172,0,
979,TTR37,0,172,0,
980,TTR39,0,127,0,
981,TTR41,0,190,2,
982,TTR42,0,105,0,
983,TTR43,0,199,0,
984,TTR45,0,233,0,
985,TTR46,0,125,0,
986,TTR47,0,250,0,
987,TTR48,0,181,1,
988,TTR49,0,158,0,
989,TTR50,0,156,0,
990,TTR51,0,202,0,
991,TTR52,0,232,1,
992,TTR53,0,282,1,
993,TTR54,0,121,0,
994,TTR55,0,139,0,
995,TTR56,0,174,0,
996,TTR57,0,205,0,
997,TTR58,0,220,0,
998,TTR59,0,276,1,
999,TTR60,0,171,2,
1000,TTR61,0,188,1,
1001,VVN01,0,151,1,
1002,VVN03,0,134,1,
1003,VVN04,0,169,2,
1004,VVN05,0,180,0,
1005,VVN06,0,157,0,
1006,VVN09,0,144,2,
1007,VVN10,0,135,0,
1008,VVN11,0,137,0,
1009,VVN12,0,149,1,
1010,VVN13,0,112,0,
1011,VVN15,0,144,0,
1012,VVN16,0,122,0,
1013,VVN17,0,261,1,
1014,VVN18,0,194,0,
1015,VVN19,0,135,1,
1016,VVN20,0,112,0,
1017,VVN21,0,108,0,
1018,VVN22,0,169,1,
1019,VVN23,0,97,1,
1020,VVN24,0,158,1,
1021,VVN25,0,136,0,
1022,VVN26,0,137,0,
1023,VVN27,0,210,2,
1024,VVN28,0,150,0,
1025,VVN29,0,150,2,
1026,VVN30,0,99,1,
1027,VVN31,0,201,1,
1028,VVN32,0,191,0,
1029,VVN33,0,149,1,
1030,VVN35,0,112,0,
1031,VVN36,0,178,0,
1032,VVN37,0,217,0,
1033,VVN38,0,252,0,
1034,VVN39,0,127,1,
1035,VVN40,0,113,2,
1036,VVN41,0,142,0,
1037,VVN42,0,158,0,
1038,VVN43,0,94,0,
1039,VVN44,0,143,1,
1040,VVN45,0,134,0,
1041,VVN46,0,170,2,
1042,VVN47,0,140,0,
1043,VVN48,0,218,4,
1044,VVN49,0,123,1,
1045,VVN50,0,179,1,
1046,VVN51,0,281,3,
1047,VVN53,0,188,0,
1048,VVN55,0,155,1,
1049,VVN56,0,229,1,
1050,VVN57,0,236,0,
